,timestamp,close,ema,rsi,signal
0,2025-03-17 03:00:00,83675.65,,,HOLD
1,2025-03-17 04:00:00,83615.53,,,HOLD
2,2025-03-17 05:00:00,83120.0,,,HOLD
3,2025-03-17 06:00:00,83220.91,,,HOLD
4,2025-03-17 07:00:00,83567.87,,,HOLD
5,2025-03-17 08:00:00,83547.17,,,HOLD
6,2025-03-17 09:00:00,83664.31,,,HOLD
7,2025-03-17 10:00:00,83344.34,,,HOLD
8,2025-03-17 11:00:00,83514.73,,,HOLD
9,2025-03-17 12:00:00,83052.0,,,HOLD
10,2025-03-17 13:00:00,83023.38,,,HOLD
11,2025-03-17 14:00:00,82913.03,,,HOLD
12,2025-03-17 15:00:00,83531.06,,,HOLD
13,2025-03-17 16:00:00,83448.86,,,HOLD
14,2025-03-17 17:00:00,84197.46,,64.09262142510121,HOLD
15,2025-03-17 18:00:00,84496.58,,68.05291690884948,HOLD
16,2025-03-17 19:00:00,84482.55,,67.67588791016178,HOLD
17,2025-03-17 20:00:00,83954.36,,55.26284081485447,HOLD
18,2025-03-17 21:00:00,84077.8,,57.236916831621464,HOLD
19,2025-03-17 22:00:00,84061.19,,56.87325147619854,HOLD
20,2025-03-17 23:00:00,84010.03,83643.75285714286,55.699377098339696,HOLD
21,2025-03-18 00:00:00,83790.24,83657.06987012987,50.8440776962122,HOLD
22,2025-03-18 01:00:00,83161.97,83612.06079102715,40.087038959214325,HOLD
23,2025-03-18 02:00:00,83367.64,83589.84071911559,44.245579805017236,HOLD
24,2025-03-18 03:00:00,83147.6,83549.6370173778,40.96920836575327,HOLD
25,2025-03-18 04:00:00,82989.11,83498.68001579799,38.74379684425855,HOLD
26,2025-03-18 05:00:00,83010.87,83454.33365072544,39.23185374435235,HOLD
27,2025-03-18 06:00:00,82450.01,83363.03150065949,32.126790018998264,HOLD
28,2025-03-18 07:00:00,83163.81,83344.92045514498,45.623979081799746,HOLD
29,2025-03-18 08:00:00,83281.29,83339.13586831362,47.47529543809134,HOLD
30,2025-03-18 09:00:00,82840.51,83293.80624392147,41.73404699127117,HOLD
31,2025-03-18 10:00:00,82819.65,83250.7011308377,41.47840170750345,HOLD
32,2025-03-18 11:00:00,82581.1,83189.82830076154,38.56880206548202,HOLD
33,2025-03-18 12:00:00,82404.66,83118.44936432867,36.527828463543386,HOLD
34,2025-03-18 13:00:00,81366.64,82959.19396757151,27.356138161523536,BUY
35,2025-03-18 14:00:00,81854.71,82858.78633415593,35.5503496452521,HOLD
36,2025-03-18 15:00:00,81610.21,82745.27939468721,33.51106474080823,HOLD
37,2025-03-18 16:00:00,81851.51,82664.02763153381,37.331778808365314,HOLD
38,2025-03-18 17:00:00,81466.7,82555.17966503072,33.97847604629634,HOLD
39,2025-03-18 18:00:00,81889.38,82494.6524227552,40.31972668081631,HOLD
40,2025-03-18 19:00:00,82317.21,82478.52129341383,45.97588143113562,HOLD
41,2025-03-18 20:00:00,82050.0,82439.56481219438,43.220710561480054,HOLD
42,2025-03-18 21:00:00,82062.98,82405.32982926762,43.39815228665745,HOLD
43,2025-03-18 22:00:00,82395.74,82404.45802660692,47.89383844934435,HOLD
44,2025-03-18 23:00:00,82715.03,82432.69184236994,51.84601633143926,HOLD
45,2025-03-19 00:00:00,83118.0,82494.99258397268,56.34630613740482,HOLD
46,2025-03-19 01:00:00,82598.7,82504.42053088425,49.877248257975396,HOLD
47,2025-03-19 02:00:00,82868.91,82537.5559371675,52.90695200919273,HOLD
48,2025-03-19 03:00:00,83037.17,82582.975397425,54.741501982173816,HOLD
49,2025-03-19 04:00:00,82952.87,82616.60217947727,53.61459733878919,HOLD
50,2025-03-19 05:00:00,83241.99,82673.45561770661,56.892236883566405,HOLD
51,2025-03-19 06:00:00,83200.0,82721.32328882419,56.27034928903964,HOLD
52,2025-03-19 07:00:00,83190.0,82763.93026256745,56.1130374274018,HOLD
53,2025-03-19 08:00:00,83413.01,82822.93751142496,58.874279012850884,HOLD
54,2025-03-19 09:00:00,83527.37,82886.97682856815,60.25524566244136,HOLD
55,2025-03-19 10:00:00,83467.41,82939.7434805165,59.13405496129935,HOLD
56,2025-03-19 11:00:00,83881.4,83025.34861865136,64.10090488250728,HOLD
57,2025-03-19 12:00:00,83748.75,83091.11238059215,61.520764697093696,HOLD
58,2025-03-19 13:00:00,84092.16,83182.11670962923,65.40320974818803,HOLD
59,2025-03-19 14:00:00,84318.59,83285.43246329931,67.71617735379239,HOLD
60,2025-03-19 15:00:00,84733.05,83417.03405754482,71.47531278214379,SELL
61,2025-03-19 16:00:00,84574.01,83522.21368867712,68.19392804257629,HOLD
62,2025-03-19 17:00:00,84230.97,83586.64608061557,61.622449050133085,HOLD
63,2025-03-19 18:00:00,85612.25,83770.7918914687,72.93291592403926,SELL
64,2025-03-19 19:00:00,85433.38,83921.93626497155,70.05369627743008,SELL
65,2025-03-19 20:00:00,85353.99,84052.12296815596,68.75628812992208,HOLD
66,2025-03-19 21:00:00,85635.99,84196.11088014177,70.82333002262655,SELL
67,2025-03-19 22:00:00,86158.52,84374.51170921979,74.2259685372237,SELL
68,2025-03-19 23:00:00,86845.94,84599.18700838162,77.88063944076158,SELL
69,2025-03-20 00:00:00,86017.68,84728.14091671056,65.77810123956044,HOLD
70,2025-03-20 01:00:00,85867.96,84831.76083337324,63.846653739900674,HOLD
71,2025-03-20 02:00:00,86065.51,84943.91984852111,65.29468988685669,HOLD
72,2025-03-20 03:00:00,85891.02,85030.01986229193,62.89835036811432,HOLD
73,2025-03-20 04:00:00,85684.78,85089.54351117447,60.09118315919712,HOLD
74,2025-03-20 05:00:00,85827.28,85156.61046470406,61.37391640399497,HOLD
75,2025-03-20 06:00:00,85759.28,85211.39860427643,60.376640843324594,HOLD
76,2025-03-20 07:00:00,85816.39,85266.39782206948,60.95053832742346,HOLD
77,2025-03-20 08:00:00,86241.05,85355.00256551772,65.00893145154869,HOLD
78,2025-03-20 09:00:00,85877.28,85402.48233228883,59.321437630950676,HOLD
79,2025-03-20 10:00:00,85173.78,85381.69121117165,50.17846914407756,HOLD
80,2025-03-20 11:00:00,85502.17,85392.64382833787,53.761034867138456,HOLD
81,2025-03-20 12:00:00,85356.07,85389.3189348526,51.970515197698326,HOLD
82,2025-03-20 13:00:00,85513.81,85400.63630441146,53.76110150814379,HOLD
83,2025-03-20 14:00:00,86171.86,85470.74754946496,60.39461100551749,HOLD
84,2025-03-20 15:00:00,84691.76,85399.9304995136,44.819803913318076,HOLD
85,2025-03-20 16:00:00,83802.01,85254.66499955782,38.407651185440514,HOLD
86,2025-03-20 17:00:00,84093.43,85149.0981814162,41.36645453981307,HOLD
87,2025-03-20 18:00:00,84060.53,85050.13743765108,41.12625634350753,HOLD
88,2025-03-20 19:00:00,84174.79,84970.56039786461,42.377654129338985,HOLD
89,2025-03-20 20:00:00,84530.1,84930.51854351329,46.20677607138446,HOLD
90,2025-03-20 21:00:00,84350.0,84877.74413046663,44.58932868821758,HOLD
91,2025-03-20 22:00:00,84141.31,84810.79557315148,42.72312058801603,HOLD
92,2025-03-20 23:00:00,84223.39,84757.39506650134,43.72081452183351,HOLD
93,2025-03-21 00:00:00,84507.07,84734.63824227394,47.14739128317034,HOLD
94,2025-03-21 01:00:00,84775.07,84738.31385661266,50.2303519949819,HOLD
95,2025-03-21 02:00:00,84685.4,84733.5035060115,49.19632638484643,HOLD
96,2025-03-21 03:00:00,84451.96,84707.90864182865,46.51195584451636,HOLD
97,2025-03-21 04:00:00,84662.74,84703.80240166241,49.20692090833553,HOLD
98,2025-03-21 05:00:00,84469.66,84682.516728784,46.87696102094973,HOLD
99,2025-03-21 06:00:00,84200.0,84638.65157162181,43.760454757747596,HOLD
100,2025-03-21 07:00:00,83937.98,84574.95415601983,40.91412987263852,HOLD
101,2025-03-21 08:00:00,84022.32,84524.71468729075,42.21695728555381,HOLD
102,2025-03-21 09:00:00,84137.99,84489.55789753704,44.03941443193834,HOLD
103,2025-03-21 10:00:00,84164.17,84459.97717957913,44.46633477125793,HOLD
104,2025-03-21 11:00:00,84046.52,84422.39016325376,42.883056327855144,HOLD
105,2025-03-21 12:00:00,83467.98,84335.62560295797,36.07980796323851,HOLD
106,2025-03-21 13:00:00,83935.7,84299.2687299618,43.83721318321653,HOLD
107,2025-03-21 14:00:00,84240.33,84293.91066360164,48.242957332630816,HOLD
108,2025-03-21 15:00:00,83565.48,84227.6896941833,40.63762483972433,HOLD
109,2025-03-21 16:00:00,84095.97,84215.71517653027,47.62711380555999,HOLD
110,2025-03-21 17:00:00,84024.11,84198.29652411841,46.8228715391922,HOLD
111,2025-03-21 18:00:00,84101.66,84189.51138556219,47.846391379191566,HOLD
112,2025-03-21 19:00:00,83956.36,84168.31580505653,46.05767338970303,HOLD
113,2025-03-21 20:00:00,84216.2,84172.66891368775,49.680550822292375,HOLD
114,2025-03-21 21:00:00,84394.0,84192.78992153432,52.05351495638906,HOLD
115,2025-03-21 22:00:00,84185.39,84192.11720139484,49.12628227744008,HOLD
116,2025-03-21 23:00:00,84088.79,84182.72381944985,47.78618528252662,HOLD
117,2025-03-22 00:00:00,84206.24,84184.86165404532,49.58682554719874,HOLD
118,2025-03-22 01:00:00,84075.48,84174.91786731392,47.61794766129891,HOLD
119,2025-03-22 02:00:00,84188.96,84176.19442483084,49.492249784675934,HOLD
120,2025-03-22 03:00:00,84256.74,84183.51674984623,50.62856739436361,HOLD
121,2025-03-22 04:00:00,84367.4,84200.23340895111,52.50720589559813,HOLD
122,2025-03-22 05:00:00,84323.3,84211.42128086464,51.66351369182192,HOLD
123,2025-03-22 06:00:00,84335.83,84222.7311644224,51.90000074088428,HOLD
124,2025-03-22 07:00:00,84274.72,84227.45742220218,50.59975162860999,HOLD
125,2025-03-22 08:00:00,84222.01,84226.96220200197,49.44899862008579,HOLD
126,2025-03-22 09:00:00,84360.01,84239.05745636542,52.49509039195984,HOLD
127,2025-03-22 10:00:00,84413.62,84254.92677851401,53.66321854007202,HOLD
128,2025-03-22 11:00:00,84239.25,84253.50161683091,49.407656811687914,HOLD
129,2025-03-22 12:00:00,84232.39,84251.5823789372,49.24221138849607,HOLD
130,2025-03-22 13:00:00,84168.31,84244.01216267017,47.6375157366826,HOLD
131,2025-03-22 14:00:00,84007.23,84222.48651151833,43.77569607454232,HOLD
132,2025-03-22 15:00:00,84109.09,84212.17773774394,46.7172463753883,HOLD
133,2025-03-22 16:00:00,84141.0,84205.70703431268,47.64140807547687,HOLD
134,2025-03-22 17:00:00,84238.83,84208.71821301153,50.47733629572516,HOLD
135,2025-03-22 18:00:00,84239.14,84211.48383001047,50.4864880706507,HOLD
136,2025-03-22 19:00:00,84171.59,84207.85711819133,48.388088708773346,HOLD
137,2025-03-22 20:00:00,83944.69,84183.93283471938,42.06375409608378,HOLD
138,2025-03-22 21:00:00,84010.87,84168.1998497449,44.34846103471343,HOLD
139,2025-03-22 22:00:00,83961.39,84149.39895431354,42.98365448519199,HOLD
140,2025-03-22 23:00:00,83840.59,84121.3254130123,39.76608929799145,HOLD
141,2025-03-23 00:00:00,84007.0,84110.93219364753,45.78653137253887,HOLD
142,2025-03-23 01:00:00,84067.56,84106.9892669523,47.830141786430325,HOLD
143,2025-03-23 02:00:00,84233.78,84118.51569722936,53.060283641247175,HOLD
144,2025-03-23 03:00:00,84224.39,84128.14063384487,52.73862913048168,HOLD
145,2025-03-23 04:00:00,84100.0,84125.58239440442,48.5407394097341,HOLD
146,2025-03-23 05:00:00,84230.1,84135.0839949131,52.77475918428153,HOLD
147,2025-03-23 06:00:00,84242.24,84144.825449921,53.162028857126,HOLD
148,2025-03-23 07:00:00,84279.82,84157.09768174637,54.40839868218746,HOLD
149,2025-03-23 08:00:00,84347.12,84174.37243795124,56.63396987052964,HOLD
150,2025-03-23 09:00:00,84325.66,84188.12585268293,55.700257349525394,HOLD
151,2025-03-23 10:00:00,84461.98,84213.02168425721,60.190199278414866,HOLD
152,2025-03-23 11:00:00,84679.99,84255.47334932473,66.10658373114109,HOLD
153,2025-03-23 12:00:00,84725.24,84298.17940847702,67.19630639251582,HOLD
154,2025-03-23 13:00:00,85093.59,84370.48946225185,74.40922263890913,SELL
155,2025-03-23 14:00:00,84899.76,84418.6049656835,66.16480161486525,HOLD
156,2025-03-23 15:00:00,85189.41,84488.67815062136,71.2849264337506,SELL
157,2025-03-23 16:00:00,85250.0,84557.8892278376,72.23154631298729,SELL
158,2025-03-23 17:00:00,85017.66,84599.68657076146,63.576489079234626,HOLD
159,2025-03-23 18:00:00,84972.78,84633.6041552377,62.03030743866052,HOLD
160,2025-03-23 19:00:00,85011.19,84667.93014112517,62.86274170970346,HOLD
161,2025-03-23 20:00:00,85102.62,84707.44740102287,64.83882543446262,HOLD
162,2025-03-23 21:00:00,85179.99,84750.4058191117,66.46498289425007,HOLD
163,2025-03-23 22:00:00,85361.21,84805.93347191972,69.96842932078502,HOLD
164,2025-03-23 23:00:00,86082.5,84921.98497447248,79.25711957447982,SELL
165,2025-03-24 00:00:00,86021.74,85021.9627040659,77.09395628158578,SELL
166,2025-03-24 01:00:00,85563.04,85071.1515491508,63.093787354112344,HOLD
167,2025-03-24 02:00:00,85883.16,85144.970499228,67.52597209058513,HOLD
168,2025-03-24 03:00:00,86532.07,85271.07045384364,74.27117069880583,SELL
169,2025-03-24 04:00:00,86841.83,85413.86677622149,76.753408671669,SELL
170,2025-03-24 05:00:00,86899.73,85548.94525111043,77.19626943265506,SELL
171,2025-03-24 06:00:00,87113.37,85691.16568282766,78.80103386836078,SELL
172,2025-03-24 07:00:00,86874.52,85798.74334802515,72.64581696163032,SELL
173,2025-03-24 08:00:00,87416.35,85945.79849820468,77.02920533345015,SELL
174,2025-03-24 09:00:00,87163.73,86056.51954382242,71.29302725348231,SELL
175,2025-03-24 10:00:00,87801.27,86215.13322165674,76.12509718697437,SELL
176,2025-03-24 11:00:00,87689.52,86349.16838332432,73.78079327880569,SELL
177,2025-03-24 12:00:00,87328.1,86438.16216665847,66.63370202776548,HOLD
178,2025-03-24 13:00:00,87704.46,86553.2801515077,69.90320827277343,HOLD
179,2025-03-24 14:00:00,87961.9,86681.33650137064,71.92941111970036,SELL
180,2025-03-24 15:00:00,88350.01,86833.03409215513,74.69525793108986,SELL
181,2025-03-24 16:00:00,88057.54,86944.3528110501,69.16466077544048,HOLD
182,2025-03-24 17:00:00,88461.88,87082.30982822737,72.22635579262541,SELL
183,2025-03-24 18:00:00,88464.38,87207.95257111579,72.244705832688,SELL
184,2025-03-24 19:00:00,88222.0,87300.13870101435,67.58261634313814,HOLD
185,2025-03-24 20:00:00,87832.0,87348.48972819487,60.78546653041823,HOLD
186,2025-03-24 21:00:00,88100.01,87416.80975290442,63.50209852358719,HOLD
187,2025-03-24 22:00:00,87457.65,87420.52250264038,53.86958622609587,HOLD
188,2025-03-24 23:00:00,87498.16,87427.5804569458,54.33997406541761,HOLD
189,2025-03-25 00:00:00,87599.99,87443.2540517689,55.56650194446346,HOLD
190,2025-03-25 01:00:00,87088.31,87410.986410699,48.51438958153862,HOLD
191,2025-03-25 02:00:00,86854.94,87360.4367369991,45.667660136057066,HOLD
192,2025-03-25 03:00:00,86520.88,87284.1133972719,41.87939669486157,HOLD
193,2025-03-25 04:00:00,86547.17,87217.11854297445,42.28515715340182,HOLD
194,2025-03-25 05:00:00,86656.07,87166.11412997678,44.02828873373221,HOLD
195,2025-03-25 06:00:00,86534.5,87108.69466361526,42.48563660067544,HOLD
196,2025-03-25 07:00:00,86436.82,87047.61514874114,41.23546113605372,HOLD
197,2025-03-25 08:00:00,86714.79,87017.3583170374,46.09643503835626,HOLD
198,2025-03-25 09:00:00,87221.66,87035.93119730674,53.62892355571776,HOLD
199,2025-03-25 10:00:00,87130.14,87044.49563391521,52.21025510011372,HOLD
200,2025-03-25 11:00:00,87370.43,87074.126030832,55.536041305926055,HOLD
201,2025-03-25 12:00:00,87084.02,87075.02548257455,50.98183941462296,HOLD
202,2025-03-25 13:00:00,87594.4,87122.24134779505,57.647014247297136,HOLD
203,2025-03-25 14:00:00,88022.4,87204.07395254094,62.27905056389335,HOLD
204,2025-03-25 15:00:00,87774.37,87255.9190477645,58.29981003846242,HOLD
205,2025-03-25 16:00:00,87792.4,87304.69004342228,58.50735182845159,HOLD
206,2025-03-25 17:00:00,87937.27,87362.19731220207,60.22049748308626,HOLD
207,2025-03-25 18:00:00,87822.0,87403.99755654733,58.16275684153583,HOLD
208,2025-03-25 19:00:00,88116.23,87468.74596049756,61.7550799777907,HOLD
209,2025-03-25 20:00:00,87849.98,87503.40360045232,56.98667632249645,HOLD
210,2025-03-25 21:00:00,87746.0,87525.45781859301,55.194259085941646,HOLD
211,2025-03-25 22:00:00,87464.73,87519.93710781183,50.56145797885311,HOLD
212,2025-03-25 23:00:00,87392.87,87508.38555255621,49.42015144684401,HOLD
213,2025-03-26 00:00:00,87652.0,87521.44141141474,53.49660535609447,HOLD
214,2025-03-26 01:00:00,87836.04,87550.0412831043,56.19677066971575,HOLD
215,2025-03-26 02:00:00,87324.6,87529.54662100392,47.87718896519171,HOLD
216,2025-03-26 03:00:00,87153.51,87495.36147363993,45.452995587468244,HOLD
217,2025-03-26 04:00:00,87326.78,87480.03588512722,48.3076175216922,HOLD
218,2025-03-26 05:00:00,87520.35,87483.70080466112,51.36948188396363,HOLD
219,2025-03-26 06:00:00,87909.07,87522.3707315101,56.89159019901392,HOLD
220,2025-03-26 07:00:00,88140.45,87578.55975591828,59.81653089965738,HOLD
221,2025-03-26 08:00:00,87959.73,87613.21159628934,56.58701847666669,HOLD
222,2025-03-26 09:00:00,87939.99,87642.91872389939,56.22990298910629,HOLD
223,2025-03-26 10:00:00,88208.47,87694.33247627216,59.93349242047043,HOLD
224,2025-03-26 11:00:00,87954.96,87718.02588752014,55.18521680782156,HOLD
225,2025-03-26 12:00:00,87813.17,87726.67535229103,52.67171620389779,HOLD
226,2025-03-26 13:00:00,86841.31,87646.18759299185,39.41900607336898,HOLD
227,2025-03-26 14:00:00,86773.14,87566.81962999258,38.68376421027104,HOLD
228,2025-03-26 15:00:00,86752.52,87492.79239090234,38.45014818773394,HOLD
229,2025-03-26 16:00:00,86513.99,87403.81035536577,35.7598027692588,HOLD
230,2025-03-26 17:00:00,86569.99,87328.00850487797,36.87648827598247,HOLD
231,2025-03-26 18:00:00,86198.53,87225.32864079815,32.80316838539434,HOLD
232,2025-03-26 19:00:00,86567.19,87165.49785527105,39.898649372824806,HOLD
233,2025-03-26 20:00:00,87280.0,87175.9071411555,50.73133802136989,HOLD
234,2025-03-26 21:00:00,87109.65,87169.88376468682,48.48234214715615,HOLD
235,2025-03-26 22:00:00,86829.48,87138.93796789712,44.95268777154198,HOLD
236,2025-03-26 23:00:00,86909.17,87118.04997081555,46.153494176705294,HOLD
237,2025-03-27 00:00:00,87285.29,87133.25360983232,51.5279617091116,HOLD
238,2025-03-27 01:00:00,87378.87,87155.58237257482,52.79051148461167,HOLD
239,2025-03-27 02:00:00,87575.39,87193.74670234075,55.4167681738754,HOLD
240,2025-03-27 03:00:00,87670.18,87237.05882030977,56.66889436028379,HOLD
241,2025-03-27 04:00:00,87521.61,87262.92710937251,54.10405792813071,HOLD
242,2025-03-27 05:00:00,87314.72,87267.63555397501,50.66517388687048,HOLD
243,2025-03-27 06:00:00,87352.68,87275.36686725,51.27709056965435,HOLD
244,2025-03-27 07:00:00,87399.99,87286.69624295455,52.07492526454032,HOLD
245,2025-03-27 08:00:00,87434.82,87300.16203904958,52.689147714580024,HOLD
246,2025-03-27 09:00:00,87415.56,87310.65276277234,52.29005894183911,HOLD
247,2025-03-27 10:00:00,87195.59,87300.19251161121,47.83375628912702,HOLD
248,2025-03-27 11:00:00,86943.52,87267.76773782837,43.281750987330064,HOLD
249,2025-03-27 12:00:00,86761.05,87221.70248893488,40.2925954723523,HOLD
250,2025-03-27 13:00:00,86383.83,87145.53226266807,34.9229830070167,HOLD
251,2025-03-27 14:00:00,87297.33,87159.33205697098,51.70712900286077,HOLD
252,2025-03-27 15:00:00,86974.07,87142.4900517918,47.07976176046506,HOLD
253,2025-03-27 16:00:00,86835.24,87114.55822890163,45.20856149672809,HOLD
254,2025-03-27 17:00:00,86913.05,87096.23929900149,46.49219176842338,HOLD
255,2025-03-27 18:00:00,87206.52,87106.26481727409,51.14142197799342,HOLD
256,2025-03-27 19:00:00,87060.41,87102.0961975219,48.86495024448594,HOLD
257,2025-03-27 20:00:00,87307.57,87120.77563411082,52.700510791094864,HOLD
258,2025-03-27 21:00:00,87568.68,87161.49421282801,56.4195587956072,HOLD
259,2025-03-27 22:00:00,87350.71,87178.69564802546,52.694777231914756,HOLD
260,2025-03-27 23:00:00,87232.01,87183.54240729587,50.73060379749564,HOLD
261,2025-03-28 00:00:00,87354.01,87199.03946117806,52.682807031432816,HOLD
262,2025-03-28 01:00:00,87230.29,87201.88041925279,50.49764485041808,HOLD
263,2025-03-28 02:00:00,86987.77,87182.41583568435,46.432042588467695,HOLD
264,2025-03-28 03:00:00,86787.16,87146.48348698577,43.32476746679833,HOLD
265,2025-03-28 04:00:00,86305.38,87070.01953362343,36.932543168376036,HOLD
266,2025-03-28 05:00:00,86059.02,86978.1104851122,34.15727418151523,HOLD
267,2025-03-28 06:00:00,85719.27,86863.67044101108,30.727986459486466,HOLD
268,2025-03-28 07:00:00,85212.99,86713.60858273735,26.464199728892865,BUY
269,2025-03-28 08:00:00,85213.87,86577.2687115794,26.48329491912524,BUY
270,2025-03-28 09:00:00,85148.0,86447.33519234491,25.940307262872352,BUY
271,2025-03-28 10:00:00,84941.49,86310.44017485902,24.260874946286087,BUY
272,2025-03-28 11:00:00,85255.26,86214.51470441728,31.51579789759936,HOLD
273,2025-03-28 12:00:00,85028.27,86106.67427674298,29.327213437972738,BUY
274,2025-03-28 13:00:00,84994.0,86005.52206976635,28.999780937579764,BUY
275,2025-03-28 14:00:00,84172.01,85838.83915433305,22.508450739743168,BUY
276,2025-03-28 15:00:00,84051.16,85676.3228675755,21.738036842353683,BUY
277,2025-03-28 16:00:00,83794.73,85505.26897052318,20.161149537685855,BUY
278,2025-03-28 17:00:00,84008.45,85369.19451865743,25.041618481968012,BUY
279,2025-03-28 18:00:00,83880.0,85233.81319877948,24.088534260753544,BUY
280,2025-03-28 19:00:00,83790.73,85102.62381707225,23.421363254769926,BUY
281,2025-03-28 20:00:00,83794.41,84983.69528824749,23.5154065243076,BUY
282,2025-03-28 21:00:00,84052.29,84899.022080225,30.002595531905566,HOLD
283,2025-03-28 22:00:00,84480.35,84860.96098202272,39.218273489157774,HOLD
284,2025-03-28 23:00:00,84424.38,84821.27180183883,38.50444873162238,HOLD
285,2025-03-29 00:00:00,84396.89,84782.69163803529,38.13728730337489,HOLD
286,2025-03-29 01:00:00,84281.9,84737.16512548663,36.56656183403622,HOLD
287,2025-03-29 02:00:00,83851.4,84656.64102316965,31.359246563270577,HOLD
288,2025-03-29 03:00:00,84166.3,84612.06456651786,38.282672412829676,HOLD
289,2025-03-29 04:00:00,84072.96,84563.05506047078,37.08852382135683,HOLD
290,2025-03-29 05:00:00,84012.64,84513.01732770071,36.300486495267116,HOLD
291,2025-03-29 06:00:00,83787.28,84447.04120700064,33.4416147979262,HOLD
292,2025-03-29 07:00:00,83731.82,84382.02109727332,32.75788302474911,HOLD
293,2025-03-29 08:00:00,83934.95,84341.37827024846,37.775941767064204,HOLD
294,2025-03-29 09:00:00,83544.8,84268.96206386224,32.72455785553685,HOLD
295,2025-03-29 10:00:00,82927.81,84147.03914896568,26.65445465131333,BUY
296,2025-03-29 11:00:00,82293.56,83978.54104451425,22.11350310062147,BUY
297,2025-03-29 12:00:00,82462.7,83840.73731319477,25.746496034549082,BUY
298,2025-03-29 13:00:00,82851.95,83750.84755744979,33.44092886924883,HOLD
299,2025-03-29 14:00:00,82504.01,83637.49868859071,30.407709698367857,HOLD
300,2025-03-29 15:00:00,82414.23,83526.29244417338,29.660128427287383,BUY
301,2025-03-29 16:00:00,82198.43,83405.57767652125,27.88549144536685,BUY
302,2025-03-29 17:00:00,82332.63,83308.03697865568,30.6638111909167,HOLD
303,2025-03-29 18:00:00,82343.64,83220.36452605063,30.899025228844863,HOLD
304,2025-03-29 19:00:00,82758.4,83178.36775095512,39.258568063119235,HOLD
305,2025-03-29 20:00:00,82511.17,83117.7134099592,36.429517199896004,HOLD
306,2025-03-29 21:00:00,82518.74,83063.26128178109,36.58021622811411,HOLD
307,2025-03-29 22:00:00,82389.75,83002.03298343736,35.05527479507693,HOLD
308,2025-03-29 23:00:00,82648.54,82969.89725767031,40.4215419113126,HOLD
309,2025-03-30 00:00:00,82799.73,82954.427506973,43.36574558601678,HOLD
310,2025-03-30 01:00:00,82941.13,82953.21864270272,46.05092682960302,HOLD
311,2025-03-30 02:00:00,83330.0,82987.4714933661,52.69374949352016,HOLD
312,2025-03-30 03:00:00,83088.81,82996.68408487827,48.68930918592467,HOLD
313,2025-03-30 04:00:00,83109.81,83006.96825898024,49.05234676839497,HOLD
314,2025-03-30 05:00:00,82958.3,83002.54387180021,46.496299941864876,HOLD
315,2025-03-30 06:00:00,83178.14,83018.50715618201,50.5248283128789,HOLD
316,2025-03-30 07:00:00,83076.59,83023.78741471091,48.70069868480096,HOLD
317,2025-03-30 08:00:00,83378.09,83055.99674064628,54.009659808343066,HOLD
318,2025-03-30 09:00:00,83502.32,83096.5715824057,56.02890575811165,HOLD
319,2025-03-30 10:00:00,83120.87,83098.78052945973,48.92568473636544,HOLD
320,2025-03-30 11:00:00,83111.76,83099.96048132703,48.76667205974561,HOLD
321,2025-03-30 12:00:00,83072.76,83097.4877102973,48.046743003588986,HOLD
322,2025-03-30 13:00:00,82678.42,83059.39064572481,41.39275750347777,HOLD
323,2025-03-30 14:00:00,82803.28,83036.10785974983,44.03557471910346,HOLD
324,2025-03-30 15:00:00,82729.57,83008.24078159075,42.80832803040224,HOLD
325,2025-03-30 16:00:00,82284.01,82942.40161962796,36.23454354097875,HOLD
326,2025-03-30 17:00:00,82415.53,82894.50419966178,39.20240669897059,HOLD
327,2025-03-30 18:00:00,82729.65,82879.51745423798,45.702595108893924,HOLD
328,2025-03-30 19:00:00,82548.81,82849.45314021634,42.86147089868464,HOLD
329,2025-03-30 20:00:00,82554.73,82822.6601274694,42.98642184499786,HOLD
330,2025-03-30 21:00:00,82237.68,82769.48011588126,38.171980295529366,HOLD
331,2025-03-30 22:00:00,82438.0,82739.34555989206,42.55007662839043,HOLD
332,2025-03-30 23:00:00,82389.99,82707.58596353824,41.78636975840927,HOLD
333,2025-03-31 00:00:00,81646.89,82611.15905776204,32.16375098058968,HOLD
334,2025-03-31 01:00:00,81953.03,82551.32914342002,38.452004610042536,HOLD
335,2025-03-31 02:00:00,81922.3,82494.14467583637,38.07051375841704,HOLD
336,2025-03-31 03:00:00,81530.0,82406.49515985124,33.50106152543197,HOLD
337,2025-03-31 04:00:00,81846.01,82355.54196350112,39.77211125520427,HOLD
338,2025-03-31 05:00:00,82166.99,82338.40087591011,45.403930884172276,HOLD
339,2025-03-31 06:00:00,82052.83,82312.43988719102,43.83399183847736,HOLD
340,2025-03-31 07:00:00,81933.51,82277.9917156282,42.191882001327606,HOLD
341,2025-03-31 08:00:00,81899.15,82243.551559662,41.70734348751496,HOLD
342,2025-03-31 09:00:00,81455.58,82171.91778151091,35.96518246317119,HOLD
343,2025-03-31 10:00:00,82174.16,82172.12161955539,48.36705763792208,HOLD
344,2025-03-31 11:00:00,82205.51,82175.15692686853,48.83265569494099,HOLD
345,2025-03-31 12:00:00,82768.74,82229.11902442593,56.433619765368846,HOLD
346,2025-03-31 13:00:00,82507.99,82254.4709312963,52.542206698648236,HOLD
347,2025-03-31 14:00:00,83499.18,82367.62630117845,62.98964760909441,HOLD
348,2025-03-31 15:00:00,83418.78,82463.18572834403,61.801191757569384,HOLD
349,2025-03-31 16:00:00,83288.89,82538.24975304003,59.836981812908306,HOLD
350,2025-03-31 17:00:00,82680.34,82551.16704821821,51.56759731350719,HOLD
351,2025-03-31 18:00:00,83291.42,82618.46277110747,57.864640810362964,HOLD
352,2025-03-31 19:00:00,82462.27,82604.26342827952,48.62634214056548,HOLD
353,2025-03-31 20:00:00,82431.32,82588.54129843593,48.316254661491804,HOLD
354,2025-03-31 21:00:00,82563.99,82586.30936221448,49.79421622362298,HOLD
355,2025-03-31 22:00:00,82409.99,82570.28032928589,48.07564721373695,HOLD
356,2025-03-31 23:00:00,82550.01,82568.43757207808,49.77302734308871,HOLD
357,2025-04-01 00:00:00,82651.1,82575.9523382528,51.017965136929554,HOLD
358,2025-04-01 01:00:00,82704.2,82587.61121659345,51.69525019385809,HOLD
359,2025-04-01 02:00:00,83100.0,82634.19201508495,56.52115370594841,HOLD
360,2025-04-01 03:00:00,82962.84,82664.06910462269,54.489552740430405,HOLD
361,2025-04-01 04:00:00,83060.0,82700.06282238425,55.7041577538334,HOLD
362,2025-04-01 05:00:00,83006.67,82727.9362021675,54.839025594697354,HOLD
363,2025-04-01 06:00:00,83454.76,82794.01109287955,60.403565675252196,HOLD
364,2025-04-01 07:00:00,83445.5,82853.23735716322,60.238381027912794,HOLD
365,2025-04-01 08:00:00,84121.94,82968.57396105748,67.27801025971098,HOLD
366,2025-04-01 09:00:00,84362.0,83095.2490555068,69.35180528886181,HOLD
367,2025-04-01 10:00:00,84175.99,83193.49823227891,65.8683969020436,HOLD
368,2025-04-01 11:00:00,83930.3,83260.48021116265,61.476127253143744,HOLD
369,2025-04-01 12:00:00,83615.26,83292.73291923877,56.292592085418,HOLD
370,2025-04-01 13:00:00,83618.23,83322.32356294434,56.329975452769034,HOLD
371,2025-04-01 14:00:00,84195.92,83401.74142085848,62.96521075396277,HOLD
372,2025-04-01 15:00:00,85280.87,83572.57129168953,71.67093169356336,SELL
373,2025-04-01 16:00:00,85119.99,83713.24571971774,69.07788168630711,HOLD
374,2025-04-01 17:00:00,85117.85,83840.93701792521,69.04209856467155,HOLD
375,2025-04-01 18:00:00,85126.68,83957.82274356838,69.1131943445548,HOLD
376,2025-04-01 19:00:00,84972.01,84050.02158506216,66.24343664460142,HOLD
377,2025-04-01 20:00:00,85231.28,84157.40871369287,68.59730439460219,HOLD
378,2025-04-01 21:00:00,85223.84,84254.35701244808,68.44980121738557,HOLD
379,2025-04-01 22:00:00,85099.99,84331.23273858915,65.90913453295329,HOLD
380,2025-04-01 23:00:00,85158.34,84406.42430780831,66.53927928735872,HOLD
381,2025-04-02 00:00:00,84964.49,84457.157552553,62.41185587094113,HOLD
382,2025-04-02 01:00:00,85147.3,84519.89777504819,64.6394630509378,HOLD
383,2025-04-02 02:00:00,84714.36,84537.57615913471,56.15221211082715,HOLD
384,2025-04-02 03:00:00,84550.0,84538.70559921337,53.29146126590423,HOLD
385,2025-04-02 04:00:00,84607.0,84544.91418110306,54.16360295010273,HOLD
386,2025-04-02 05:00:00,84100.0,84504.46743736642,45.945821750305875,HOLD
387,2025-04-02 06:00:00,84125.99,84470.06039760583,46.39481194378628,HOLD
388,2025-04-02 07:00:00,84426.33,84466.08490691439,51.41690069225315,HOLD
389,2025-04-02 08:00:00,84677.04,84485.26264264944,55.190780803787,HOLD
390,2025-04-02 09:00:00,85019.62,84533.84058422677,59.78741464363864,HOLD
391,2025-04-02 10:00:00,84867.92,84564.21144020616,56.99905708305322,HOLD
392,2025-04-02 11:00:00,84566.91,84564.45676382378,51.83336926876167,HOLD
393,2025-04-02 12:00:00,85049.99,84608.59614893071,58.35616812860118,HOLD
394,2025-04-02 13:00:00,85215.82,84663.79831720973,60.341585390790556,HOLD
395,2025-04-02 14:00:00,85877.75,84774.15756109975,67.08691721055764,HOLD
396,2025-04-02 15:00:00,86757.67,84954.47687372705,73.53171839257912,SELL
397,2025-04-02 16:00:00,87065.18,85146.35897611549,75.34843113867261,SELL
398,2025-04-02 17:00:00,86615.33,85279.90179646862,67.99590709596816,HOLD
399,2025-04-02 18:00:00,86286.02,85371.36708769875,63.13877132951935,HOLD
400,2025-04-02 19:00:00,86900.02,85510.33553427158,67.76263613901541,HOLD
401,2025-04-02 20:00:00,85659.99,85523.94048570143,53.23799223677505,HOLD
402,2025-04-02 21:00:00,84855.99,85463.21771427403,46.3073473830789,HOLD
403,2025-04-02 22:00:00,82821.59,85223.06974024912,34.18158290435894,HOLD
404,2025-04-02 23:00:00,82516.29,84976.99885477193,32.793785972725786,HOLD
405,2025-04-03 00:00:00,83227.55,84817.95804979267,39.006788341120334,HOLD
406,2025-04-03 01:00:00,83761.62,84721.92731799334,43.24925226338062,HOLD
407,2025-04-03 02:00:00,83768.01,84635.20756181212,43.30006897339503,HOLD
408,2025-04-03 03:00:00,83483.97,84530.54960164738,41.520319110155846,HOLD
409,2025-04-03 04:00:00,83558.8,84442.20872877035,42.19441411969366,HOLD
410,2025-04-03 05:00:00,83343.75,84342.34884433668,40.740977986028106,HOLD
411,2025-04-03 06:00:00,83058.65,84225.64894939697,38.83127806313485,HOLD
412,2025-04-03 07:00:00,83456.75,84155.74904490635,42.85901455745681,HOLD
413,2025-04-03 08:00:00,83679.99,84112.49822264213,45.04430355543484,HOLD
414,2025-04-03 09:00:00,83483.05,84055.27565694739,43.465063766173245,HOLD
415,2025-04-03 10:00:00,83220.01,83979.34241540672,41.37839100986533,HOLD
416,2025-04-03 11:00:00,83096.01,83899.03946855155,40.3938941824701,HOLD
417,2025-04-03 12:00:00,81949.06,83721.76860777414,32.654726502317104,HOLD
418,2025-04-03 13:00:00,82373.58,83599.2060070674,37.43291018866742,HOLD
419,2025-04-03 14:00:00,81532.0,83411.27818824309,32.50869335990682,HOLD
420,2025-04-03 15:00:00,82039.31,83286.55380749372,37.81882402128647,HOLD
421,2025-04-03 16:00:00,81830.56,83154.19073408519,36.544677850143955,HOLD
422,2025-04-03 17:00:00,81830.01,83033.81066735016,36.541184720167884,HOLD
423,2025-04-03 18:00:00,82109.45,82949.77787940923,39.69512589876446,HOLD
424,2025-04-03 19:00:00,82008.7,82864.22534491748,38.9436085916259,HOLD
425,2025-04-03 20:00:00,82363.99,82818.74940447042,43.03905811440773,HOLD
426,2025-04-03 21:00:00,82717.54,82809.54854951857,46.85896678678191,HOLD
427,2025-04-03 22:00:00,82743.46,82803.54049956234,47.13885282872803,HOLD
428,2025-04-03 23:00:00,83213.09,82840.7722723294,52.06502174163229,HOLD
429,2025-04-04 00:00:00,83046.32,82859.45842939036,50.27335447194787,HOLD
430,2025-04-04 01:00:00,82695.91,82844.59039035488,46.64151068308283,HOLD
431,2025-04-04 02:00:00,82910.86,82850.6149003226,49.071988474571235,HOLD
432,2025-04-04 03:00:00,82818.52,82847.69718211146,48.059238774061825,HOLD
433,2025-04-04 04:00:00,82720.32,82836.11743828315,46.94953749634158,HOLD
434,2025-04-04 05:00:00,83200.0,82869.1976711665,52.695425370094604,HOLD
435,2025-04-04 06:00:00,83054.72,82886.0633374241,50.89737337491292,HOLD
436,2025-04-04 07:00:00,83992.85,82986.68030674919,60.31423107029369,HOLD
437,2025-04-04 08:00:00,84415.99,83116.61755159017,63.69612517883389,HOLD
438,2025-04-04 09:00:00,84571.38,83248.86868326378,64.87972998593393,HOLD
439,2025-04-04 10:00:00,82567.03,83186.88334842162,44.655760341196455,HOLD
440,2025-04-04 11:00:00,82680.45,83140.84395311055,45.68747157169013,HOLD
441,2025-04-04 12:00:00,82879.99,83117.12995737322,47.5403055139711,HOLD
442,2025-04-04 13:00:00,83335.99,83137.02632488476,51.60352053808309,HOLD
443,2025-04-04 14:00:00,82573.98,83085.84029534977,45.2905705116408,HOLD
444,2025-04-04 15:00:00,82860.0,83065.30935940889,47.86851482994154,HOLD
445,2025-04-04 16:00:00,83392.7,83095.07214491717,52.37006707062756,HOLD
446,2025-04-04 17:00:00,84460.0,83219.15649537924,59.85055953871493,HOLD
447,2025-04-04 18:00:00,83989.87,83289.22135943567,55.70075677982161,HOLD
448,2025-04-04 19:00:00,84009.99,83354.74578130516,55.84186899780684,HOLD
449,2025-04-04 20:00:00,84164.02,83428.31616482287,56.971880082723764,HOLD
450,2025-04-04 21:00:00,84185.8,83497.17833165715,57.138901651883096,HOLD
451,2025-04-04 22:00:00,84056.74,83548.04757423377,55.7577421451827,HOLD
452,2025-04-04 23:00:00,83889.87,83579.12234021252,53.942177522689114,HOLD
453,2025-04-05 00:00:00,83787.6,83598.07485473866,52.80728420499746,HOLD
454,2025-04-05 01:00:00,83979.87,83632.78350430787,54.73540039681667,HOLD
455,2025-04-05 02:00:00,83976.61,83664.04045846169,54.69459727260644,HOLD
456,2025-04-05 03:00:00,83624.01,83660.40132587426,50.32484371930373,HOLD
457,2025-04-05 04:00:00,83677.75,83661.97847806751,50.967818251241475,HOLD
458,2025-04-05 05:00:00,83688.67,83664.40498006137,51.10630780715328,HOLD
459,2025-04-05 06:00:00,83477.3,83647.39543641944,48.26465878008046,HOLD
460,2025-04-05 07:00:00,83525.34,83636.29948765403,48.95929421922017,HOLD
461,2025-04-05 08:00:00,83519.96,83625.72317059457,48.880141464662,HOLD
462,2025-04-05 09:00:00,83843.29,83645.5019732678,53.72242169276721,HOLD
463,2025-04-05 10:00:00,83641.51,83645.1390666071,50.50706466235984,HOLD
464,2025-04-05 11:00:00,83452.69,83627.64369691555,47.63400104262326,HOLD
465,2025-04-05 12:00:00,83281.41,83596.16790628686,45.12635238320771,HOLD
466,2025-04-05 13:00:00,82755.29,83519.72446026078,38.43335356449959,HOLD
467,2025-04-05 14:00:00,82914.67,83464.71950932799,41.274857685860376,HOLD
468,2025-04-05 15:00:00,82618.26,83387.76864484363,37.78236398036768,HOLD
469,2025-04-05 16:00:00,82739.96,83328.87694985785,40.02621449012999,HOLD
470,2025-04-05 17:00:00,82869.53,83287.1181362344,42.40767607908486,HOLD
471,2025-04-05 18:00:00,83036.13,83264.30103294036,45.40929820540332,HOLD
472,2025-04-05 19:00:00,82860.0,83227.54639358215,42.86572296329814,HOLD
473,2025-04-05 20:00:00,83075.47,83213.72126689287,46.792285878157124,HOLD
474,2025-04-05 21:00:00,82913.89,83186.46387899351,44.331822606932164,HOLD
475,2025-04-05 22:00:00,83188.41,83186.64079908501,49.21753063454395,HOLD
476,2025-04-05 23:00:00,83537.99,83218.58163553184,54.67302952145551,HOLD
477,2025-04-06 00:00:00,83527.22,83246.6396686653,54.47885045893074,HOLD
478,2025-04-06 01:00:00,83428.97,83263.21515333209,52.6420434049599,HOLD
479,2025-04-06 02:00:00,83300.01,83266.56013939281,50.247318439258386,HOLD
480,2025-04-06 03:00:00,83344.14,83273.61285399346,51.06763726011254,HOLD
481,2025-04-06 04:00:00,83499.99,83294.1925945395,53.95503049635359,HOLD
482,2025-04-06 05:00:00,83450.01,83308.35781321774,52.87743867376711,HOLD
483,2025-04-06 06:00:00,83110.24,83290.34710292521,46.132164074525456,HOLD
484,2025-04-06 07:00:00,83024.96,83266.22100265928,44.594514031784236,HOLD
485,2025-04-06 08:00:00,83034.26,83245.13363878116,44.81055204114005,HOLD
486,2025-04-06 09:00:00,83075.15,83229.68058071015,45.8110291284793,HOLD
487,2025-04-06 10:00:00,82870.25,83197.00507337286,41.72880730524959,HOLD
488,2025-04-06 11:00:00,82855.99,83166.00370306624,41.4519640702552,HOLD
489,2025-04-06 12:00:00,82697.99,83123.45700278747,38.41123024347063,HOLD
490,2025-04-06 13:00:00,82306.01,83049.1436388977,32.11679224746535,HOLD
491,2025-04-06 14:00:00,82667.07,83014.40967172518,41.608578381260884,HOLD
492,2025-04-06 15:00:00,82548.36,82972.04151975016,39.64578226487734,HOLD
493,2025-04-06 16:00:00,81970.0,82880.9468361365,31.780001274947633,HOLD
494,2025-04-06 17:00:00,80808.81,82692.57076012409,22.239678248585665,BUY
495,2025-04-06 18:00:00,79107.3,82366.63705465825,15.090806319224034,BUY
496,2025-04-06 19:00:00,79614.35,82116.42914059841,23.030912653802968,BUY
497,2025-04-06 20:00:00,78867.99,81821.1164914531,20.057646261205004,BUY
498,2025-04-06 21:00:00,78950.61,81560.16135586645,21.269326866178385,BUY
499,2025-04-06 22:00:00,78336.56,81267.10668715132,18.96819994817387,BUY
